,AtBat,Hits,HmRun,Runs,RBI,Walks,Years,CAtBat,CHits,CHmRun,CRuns,CRBI,CWalks,PutOuts,Assists,Errors,Salary
count,322.0,322.0,322.0,322.0,322.0,322.0,322.0,322.0,322.0,322.0,322.0,322.0,322.0,322.0,322.0,322.0,263.0
mean,380.92857142857144,101.0248447204969,10.770186335403727,50.909937888198755,48.02795031055901,38.74223602484472,7.444099378881988,2648.6832298136646,717.5714285714286,69.49068322981367,358.7950310559006,330.11801242236027,260.2391304347826,288.9378881987578,106.91304347826087,8.040372670807454,535.9258821292775
std,153.40498147064483,46.45474135676679,8.709037413827739,26.02409548457972,26.166894761424548,21.639326550324878,4.926087269904594,2324.205870266539,654.4726274762832,86.26606080180494,334.1058857661468,333.21961696827793,267.0580845436322,280.70461385993525,136.85487646596755,6.3683590797372585,451.1186807025387
min,16.0,1.0,0.0,0.0,0.0,0.0,1.0,19.0,4.0,0.0,1.0,0.0,0.0,0.0,0.0,0.0,67.5
25%,255.25,64.0,4.0,30.25,28.0,22.0,4.0,816.75,209.0,14.0,100.25,88.75,67.25,109.25,7.0,3.0,190.0
50%,379.5,96.0,8.0,48.0,44.0,35.0,6.0,1928.0,508.0,37.5,247.0,220.5,170.5,212.0,39.5,6.0,425.0
75%,512.0,137.0,16.0,69.0,64.75,53.0,11.0,3924.25,1059.25,90.0,526.25,426.25,339.25,325.0,166.0,11.0,750.0
max,687.0,238.0,40.0,130.0,121.0,105.0,24.0,14053.0,4256.0,548.0,2165.0,1659.0,1566.0,1378.0,492.0,32.0,2460.0
